Mind Bender,Mind Controller,Mind Reader,Mind Warper,Protected Mind Reader,Random,Arrogant QLearner,Average Copier,Cautious QLearner,Forgetful Fool Me Once,Generous Tit-For-Tat,Hesitant QLearner,Inverse,Risky QLearner,Stochastic WSLS,Geller,Grudger,Fool Me Once,Retaliate (0.05),Limited Retaliate (0.05/20),Forgiver,Inverse Punisher,Retaliate (0.08),Limited Retaliate (0.08/15),Forgetful Grudger,Retaliate (0.1),Limited Retaliate (0.1/20),Punisher,Appeaser,Win-Stay Lose-Shift,Two Tits For Tat,Once Bitten,Tit For Tat,Forgiving Tit For Tat,Go By Majority/5,Geller Cooperator,Grumpy,Go By Majority/20,Go By Majority/40,Go By Majority/10,Go By Majority,Tit For 2 Tats,Geller Defector,Cooperator,$e$,$\pi$,Alternator,Opposite Grudger,$\phi$,Suspicious Tit For Tat,Tricky Defector,Tricky Cooperator,Defector
0.00384615384615,0.211538461538,0.211538461538,0.211538461538,0.211538461538,3.10471153846,3.05144230769,2.67548076923,3.08884615385,2.31980769231,2.93990384615,3.05355769231,2.54932692308,3.14009615385,3.06663461538,2.47528846154,2.22528846154,2.21403846154,2.26721153846,2.24230769231,2.23355769231,2.33673076923,2.19173076923,2.23480769231,2.26740384615,2.26317307692,2.23288461538,2.32192307692,2.28461538462,2.28134615385,2.37326923077,2.37990384615,2.44846153846,2.47913461538,2.45913461538,2.41769230769,2.49182692308,2.54,2.54336538462,2.50990384615,2.51913461538,2.54875,2.57384615385,2.78028846154,2.86586538462,2.90365384615,2.88365384615,3.07096153846,2.96596153846,3.08365384615,3.10413461538,3.09163461538,3.33721153846
0.00230769230769,0.634615384615,0.634615384615,0.634615384615,0.634615384615,2.05769230769,2.05769230769,2.05769230769,2.05769230769,2.05769230769,2.05769230769,2.05769230769,2.05769230769,2.05769230769,2.05769230769,2.05769230769,2.06567307692,2.10721153846,2.19865384615,2.21173076923,2.21817307692,2.21990384615,2.22307692308,2.22961538462,2.23625,2.23625,2.23711538462,2.29211538462,2.29384615385,2.29384615385,2.34182692308,2.35576923077,2.39423076923,2.39423076923,2.4225,2.43740384615,2.43817307692,2.46269230769,2.46538461538,2.46625,2.47365384615,2.48788461538,2.53355769231,2.71971153846,2.80971153846,2.82048076923,2.84134615385,2.87788461538,2.91701923077,2.96067307692,2.99971153846,3.03365384615,3.07105769231
0.00230769230769,0.634615384615,0.634615384615,0.634615384615,0.634615384615,2.05769230769,2.05769230769,2.05769230769,2.05769230769,2.05769230769,2.05769230769,2.05769230769,2.05769230769,2.05769230769,2.05769230769,2.05769230769,2.06567307692,2.10721153846,2.19865384615,2.21173076923,2.21817307692,2.21990384615,2.22307692308,2.22961538462,2.23625,2.23625,2.23711538462,2.29211538462,2.29384615385,2.29384615385,2.34182692308,2.35576923077,2.39423076923,2.39423076923,2.4225,2.43740384615,2.43817307692,2.46269230769,2.46538461538,2.46625,2.47365384615,2.48788461538,2.53355769231,2.71971153846,2.80971153846,2.82048076923,2.84134615385,2.87788461538,2.91701923077,2.96067307692,2.99971153846,3.03365384615,3.07105769231
0.00230769230769,0.634615384615,0.634615384615,0.634615384615,0.634615384615,2.05769230769,2.05769230769,2.05769230769,2.05769230769,2.05769230769,2.05769230769,2.05769230769,2.05769230769,2.05769230769,2.05769230769,2.05769230769,2.06567307692,2.10721153846,2.19865384615,2.21173076923,2.21817307692,2.21990384615,2.22307692308,2.22961538462,2.23625,2.23625,2.23711538462,2.29211538462,2.29384615385,2.29384615385,2.34182692308,2.35576923077,2.39423076923,2.39423076923,2.4225,2.43740384615,2.43817307692,2.46269230769,2.46538461538,2.46625,2.47365384615,2.48788461538,2.53355769231,2.71971153846,2.80971153846,2.82048076923,2.84134615385,2.87788461538,2.91701923077,2.96067307692,2.99971153846,3.03365384615,3.07105769231
0.00230769230769,0.634615384615,0.634615384615,0.634615384615,0.634615384615,2.05769230769,2.05769230769,2.05769230769,2.05769230769,2.05769230769,2.05769230769,2.05769230769,2.05769230769,2.05769230769,2.05769230769,2.05769230769,2.06567307692,2.10721153846,2.19865384615,2.21173076923,2.21817307692,2.21990384615,2.22307692308,2.22961538462,2.23625,2.23625,2.23711538462,2.29211538462,2.29384615385,2.29384615385,2.34182692308,2.35576923077,2.39423076923,2.39423076923,2.4225,2.43740384615,2.43817307692,2.46269230769,2.46538461538,2.46625,2.47365384615,2.48788461538,2.53355769231,2.71971153846,2.80971153846,2.82048076923,2.84134615385,2.87788461538,2.91701923077,2.96067307692,2.99971153846,3.03365384615,3.07105769231
0.00230769230769,0.634615384615,0.634615384615,0.634615384615,0.634615384615,2.05769230769,2.05769230769,2.05769230769,2.05769230769,2.05769230769,2.05769230769,2.05769230769,2.05769230769,2.05769230769,2.05769230769,2.05769230769,2.06567307692,2.10721153846,2.19865384615,2.21173076923,2.21817307692,2.21990384615,2.22307692308,2.22961538462,2.23625,2.23625,2.23711538462,2.29211538462,2.29384615385,2.29384615385,2.34182692308,2.35576923077,2.39423076923,2.39423076923,2.4225,2.43740384615,2.43817307692,2.46269230769,2.46538461538,2.46625,2.47365384615,2.48788461538,2.53355769231,2.71971153846,2.80971153846,2.82048076923,2.84134615385,2.87788461538,2.91701923077,2.96067307692,2.99971153846,3.03365384615,3.07105769231
0.00230769230769,0.634615384615,0.634615384615,0.634615384615,0.634615384615,2.05769230769,2.05769230769,2.05769230769,2.05769230769,2.05769230769,2.05769230769,2.05769230769,2.05769230769,2.05769230769,2.05769230769,2.05769230769,2.06567307692,2.10721153846,2.19865384615,2.21173076923,2.21817307692,2.21990384615,2.22307692308,2.22961538462,2.23625,2.23625,2.23711538462,2.29211538462,2.29384615385,2.29384615385,2.34182692308,2.35576923077,2.39423076923,2.39423076923,2.4225,2.43740384615,2.43817307692,2.46269230769,2.46538461538,2.46625,2.47365384615,2.48788461538,2.53355769231,2.71971153846,2.80971153846,2.82048076923,2.84134615385,2.87788461538,2.91701923077,2.96067307692,2.99971153846,3.03365384615,3.07105769231
0.00230769230769,0.634615384615,0.634615384615,0.634615384615,0.634615384615,2.05769230769,2.05769230769,2.05769230769,2.05769230769,2.05769230769,2.05769230769,2.05769230769,2.05769230769,2.05769230769,2.05769230769,2.05769230769,2.06567307692,2.10721153846,2.19865384615,2.21173076923,2.21817307692,2.21990384615,2.22307692308,2.22961538462,2.23625,2.23625,2.23711538462,2.29211538462,2.29384615385,2.29384615385,2.34182692308,2.35576923077,2.39423076923,2.39423076923,2.4225,2.43740384615,2.43817307692,2.46269230769,2.46538461538,2.46625,2.47365384615,2.48788461538,2.53355769231,2.71971153846,2.80971153846,2.82048076923,2.84134615385,2.87788461538,2.91701923077,2.96067307692,2.99971153846,3.03365384615,3.07105769231
0.00230769230769,0.634615384615,0.634615384615,0.634615384615,0.634615384615,2.05769230769,2.05769230769,2.05769230769,2.05769230769,2.05769230769,2.05769230769,2.05769230769,2.05769230769,2.05769230769,2.05769230769,2.05769230769,2.06567307692,2.10721153846,2.19865384615,2.21173076923,2.21817307692,2.21990384615,2.22307692308,2.22961538462,2.23625,2.23625,2.23711538462,2.29211538462,2.29384615385,2.29384615385,2.34182692308,2.35576923077,2.39423076923,2.39423076923,2.4225,2.43740384615,2.43817307692,2.46269230769,2.46538461538,2.46625,2.47365384615,2.48788461538,2.53355769231,2.71971153846,2.80971153846,2.82048076923,2.84134615385,2.87788461538,2.91701923077,2.96067307692,2.99971153846,3.03365384615,3.07105769231
0.00230769230769,0.634615384615,0.634615384615,0.634615384615,0.634615384615,2.05769230769,2.05769230769,2.05769230769,2.05769230769,2.05769230769,2.05769230769,2.05769230769,2.05769230769,2.05769230769,2.05769230769,2.05769230769,2.06567307692,2.10721153846,2.19865384615,2.21173076923,2.21817307692,2.21990384615,2.22307692308,2.22961538462,2.23625,2.23625,2.23711538462,2.29211538462,2.29384615385,2.29384615385,2.34182692308,2.35576923077,2.39423076923,2.39423076923,2.4225,2.43740384615,2.43817307692,2.46269230769,2.46538461538,2.46625,2.47365384615,2.48788461538,2.53355769231,2.71971153846,2.80971153846,2.82048076923,2.84134615385,2.87788461538,2.91701923077,2.96067307692,2.99971153846,3.03365384615,3.07105769231
0.00230769230769,0.634615384615,0.634615384615,0.634615384615,0.634615384615,2.05769230769,2.05769230769,2.05769230769,2.05769230769,2.05769230769,2.05769230769,2.05769230769,2.05769230769,2.05769230769,2.05769230769,2.05769230769,2.06567307692,2.10721153846,2.19865384615,2.21173076923,2.21817307692,2.21990384615,2.22307692308,2.22961538462,2.23625,2.23625,2.23711538462,2.29211538462,2.29384615385,2.29384615385,2.34182692308,2.35576923077,2.39423076923,2.39423076923,2.4225,2.43740384615,2.43817307692,2.46269230769,2.46538461538,2.46625,2.47365384615,2.48788461538,2.53355769231,2.71971153846,2.80971153846,2.82048076923,2.84134615385,2.87788461538,2.91701923077,2.96067307692,2.99971153846,3.03365384615,3.07105769231
0.00230769230769,0.634615384615,0.634615384615,0.634615384615,0.634615384615,2.05769230769,2.05769230769,2.05769230769,2.05769230769,2.05769230769,2.05769230769,2.05769230769,2.05769230769,2.05769230769,2.05769230769,2.05769230769,2.06567307692,2.10721153846,2.19865384615,2.21173076923,2.21817307692,2.21990384615,2.22307692308,2.22961538462,2.23625,2.23625,2.23711538462,2.29211538462,2.29384615385,2.29384615385,2.34182692308,2.35576923077,2.39423076923,2.39423076923,2.4225,2.43740384615,2.43817307692,2.46269230769,2.46538461538,2.46625,2.47365384615,2.48788461538,2.53355769231,2.71971153846,2.80971153846,2.82048076923,2.84134615385,2.87788461538,2.91701923077,2.96067307692,2.99971153846,3.03365384615,3.07105769231
0.00230769230769,0.634615384615,0.634615384615,0.634615384615,0.634615384615,2.05769230769,2.05769230769,2.05769230769,2.05769230769,2.05769230769,2.05769230769,2.05769230769,2.05769230769,2.05769230769,2.05769230769,2.05769230769,2.06567307692,2.10721153846,2.19865384615,2.21173076923,2.21817307692,2.21990384615,2.22307692308,2.22961538462,2.23625,2.23625,2.23711538462,2.29211538462,2.29384615385,2.29384615385,2.34182692308,2.35576923077,2.39423076923,2.39423076923,2.4225,2.43740384615,2.43817307692,2.46269230769,2.46538461538,2.46625,2.47365384615,2.48788461538,2.53355769231,2.71971153846,2.80971153846,2.82048076923,2.84134615385,2.87788461538,2.91701923077,2.96067307692,2.99971153846,3.03365384615,3.07105769231
0.00230769230769,0.634615384615,0.634615384615,0.634615384615,0.634615384615,2.05769230769,2.05769230769,2.05769230769,2.05769230769,2.05769230769,2.05769230769,2.05769230769,2.05769230769,2.05769230769,2.05769230769,2.05769230769,2.06567307692,2.10721153846,2.19865384615,2.21173076923,2.21817307692,2.21990384615,2.22307692308,2.22961538462,2.23625,2.23625,2.23711538462,2.29211538462,2.29384615385,2.29384615385,2.34182692308,2.35576923077,2.39423076923,2.39423076923,2.4225,2.43740384615,2.43817307692,2.46269230769,2.46538461538,2.46625,2.47365384615,2.48788461538,2.53355769231,2.71971153846,2.80971153846,2.82048076923,2.84134615385,2.87788461538,2.91701923077,2.96067307692,2.99971153846,3.03365384615,3.07105769231
0.00230769230769,0.634615384615,0.634615384615,0.634615384615,0.634615384615,2.05769230769,2.05769230769,2.05769230769,2.05769230769,2.05769230769,2.05769230769,2.05769230769,2.05769230769,2.05769230769,2.05769230769,2.05769230769,2.06567307692,2.10721153846,2.19865384615,2.21173076923,2.21817307692,2.21990384615,2.22307692308,2.22961538462,2.23625,2.23625,2.23711538462,2.29211538462,2.29384615385,2.29384615385,2.34182692308,2.35576923077,2.39423076923,2.39423076923,2.4225,2.43740384615,2.43817307692,2.46269230769,2.46538461538,2.46625,2.47365384615,2.48788461538,2.53355769231,2.71971153846,2.80971153846,2.82048076923,2.84134615385,2.87788461538,2.91701923077,2.96067307692,2.99971153846,3.03365384615,3.07105769231
0.00230769230769,0.634615384615,0.634615384615,0.634615384615,0.634615384615,2.05769230769,2.05769230769,2.05769230769,2.05769230769,2.05769230769,2.05769230769,2.05769230769,2.05769230769,2.05769230769,2.05769230769,2.05769230769,2.06567307692,2.10721153846,2.19865384615,2.21173076923,2.21817307692,2.21990384615,2.22307692308,2.22961538462,2.23625,2.23625,2.23711538462,2.29211538462,2.29384615385,2.29384615385,2.34182692308,2.35576923077,2.39423076923,2.39423076923,2.4225,2.43740384615,2.43817307692,2.46269230769,2.46538461538,2.46625,2.47365384615,2.48788461538,2.53355769231,2.71971153846,2.80971153846,2.82048076923,2.84134615385,2.87788461538,2.91701923077,2.96067307692,2.99971153846,3.03365384615,3.07105769231
0.00230769230769,0.634615384615,0.634615384615,0.634615384615,0.634615384615,2.05769230769,2.05769230769,2.05769230769,2.05769230769,2.05769230769,2.05769230769,2.05769230769,2.05769230769,2.05769230769,2.05769230769,2.05769230769,2.06567307692,2.10721153846,2.19865384615,2.21173076923,2.21817307692,2.21990384615,2.22307692308,2.22961538462,2.23625,2.23625,2.23711538462,2.29211538462,2.29384615385,2.29384615385,2.34182692308,2.35576923077,2.39423076923,2.39423076923,2.4225,2.43740384615,2.43817307692,2.46269230769,2.46538461538,2.46625,2.47365384615,2.48788461538,2.53355769231,2.71971153846,2.80971153846,2.82048076923,2.84134615385,2.87788461538,2.91701923077,2.96067307692,2.99971153846,3.03365384615,3.07105769231
0.00230769230769,0.634615384615,0.634615384615,0.634615384615,0.634615384615,2.05769230769,2.05769230769,2.05769230769,2.05769230769,2.05769230769,2.05769230769,2.05769230769,2.05769230769,2.05769230769,2.05769230769,2.05769230769,2.06567307692,2.10721153846,2.19865384615,2.21173076923,2.21817307692,2.21990384615,2.22307692308,2.22961538462,2.23625,2.23625,2.23711538462,2.29211538462,2.29384615385,2.29384615385,2.34182692308,2.35576923077,2.39423076923,2.39423076923,2.4225,2.43740384615,2.43817307692,2.46269230769,2.46538461538,2.46625,2.47365384615,2.48788461538,2.53355769231,2.71971153846,2.80971153846,2.82048076923,2.84134615385,2.87788461538,2.91701923077,2.96067307692,2.99971153846,3.03365384615,3.07105769231
0.00230769230769,0.634615384615,0.634615384615,0.634615384615,0.634615384615,2.05769230769,2.05769230769,2.05769230769,2.05769230769,2.05769230769,2.05769230769,2.05769230769,2.05769230769,2.05769230769,2.05769230769,2.05769230769,2.06567307692,2.10721153846,2.19865384615,2.21173076923,2.21817307692,2.21990384615,2.22307692308,2.22961538462,2.23625,2.23625,2.23711538462,2.29211538462,2.29384615385,2.29384615385,2.34182692308,2.35576923077,2.39423076923,2.39423076923,2.4225,2.43740384615,2.43817307692,2.46269230769,2.46538461538,2.46625,2.47365384615,2.48788461538,2.53355769231,2.71971153846,2.80971153846,2.82048076923,2.84134615385,2.87788461538,2.91701923077,2.96067307692,2.99971153846,3.03365384615,3.07105769231
0.00230769230769,0.634615384615,0.634615384615,0.634615384615,0.634615384615,2.05769230769,2.05769230769,2.05769230769,2.05769230769,2.05769230769,2.05769230769,2.05769230769,2.05769230769,2.05769230769,2.05769230769,2.05769230769,2.06567307692,2.10721153846,2.19865384615,2.21173076923,2.21817307692,2.21990384615,2.22307692308,2.22961538462,2.23625,2.23625,2.23711538462,2.29211538462,2.29384615385,2.29384615385,2.34182692308,2.35576923077,2.39423076923,2.39423076923,2.4225,2.43740384615,2.43817307692,2.46269230769,2.46538461538,2.46625,2.47365384615,2.48788461538,2.53355769231,2.71971153846,2.80971153846,2.82048076923,2.84134615385,2.87788461538,2.91701923077,2.96067307692,2.99971153846,3.03365384615,3.07105769231
0.00230769230769,0.634615384615,0.634615384615,0.634615384615,0.634615384615,2.05769230769,2.05769230769,2.05769230769,2.05769230769,2.05769230769,2.05769230769,2.05769230769,2.05769230769,2.05769230769,2.05769230769,2.05769230769,2.06567307692,2.10721153846,2.19865384615,2.21173076923,2.21817307692,2.21990384615,2.22307692308,2.22961538462,2.23625,2.23625,2.23711538462,2.29211538462,2.29384615385,2.29384615385,2.34182692308,2.35576923077,2.39423076923,2.39423076923,2.4225,2.43740384615,2.43817307692,2.46269230769,2.46538461538,2.46625,2.47365384615,2.48788461538,2.53355769231,2.71971153846,2.80971153846,2.82048076923,2.84134615385,2.87788461538,2.91701923077,2.96067307692,2.99971153846,3.03365384615,3.07105769231
0.00230769230769,0.634615384615,0.634615384615,0.634615384615,0.634615384615,2.05769230769,2.05769230769,2.05769230769,2.05769230769,2.05769230769,2.05769230769,2.05769230769,2.05769230769,2.05769230769,2.05769230769,2.05769230769,2.06567307692,2.10721153846,2.19865384615,2.21173076923,2.21817307692,2.21990384615,2.22307692308,2.22961538462,2.23625,2.23625,2.23711538462,2.29211538462,2.29384615385,2.29384615385,2.34182692308,2.35576923077,2.39423076923,2.39423076923,2.4225,2.43740384615,2.43817307692,2.46269230769,2.46538461538,2.46625,2.47365384615,2.48788461538,2.53355769231,2.71971153846,2.80971153846,2.82048076923,2.84134615385,2.87788461538,2.91701923077,2.96067307692,2.99971153846,3.03365384615,3.07105769231
0.00230769230769,0.634615384615,0.634615384615,0.634615384615,0.634615384615,2.05769230769,2.05769230769,2.05769230769,2.05769230769,2.05769230769,2.05769230769,2.05769230769,2.05769230769,2.05769230769,2.05769230769,2.05769230769,2.06567307692,2.10721153846,2.19865384615,2.21173076923,2.21817307692,2.21990384615,2.22307692308,2.22961538462,2.23625,2.23625,2.23711538462,2.29211538462,2.29384615385,2.29384615385,2.34182692308,2.35576923077,2.39423076923,2.39423076923,2.4225,2.43740384615,2.43817307692,2.46269230769,2.46538461538,2.46625,2.47365384615,2.48788461538,2.53355769231,2.71971153846,2.80971153846,2.82048076923,2.84134615385,2.87788461538,2.91701923077,2.96067307692,2.99971153846,3.03365384615,3.07105769231
0.00230769230769,0.634615384615,0.634615384615,0.634615384615,0.634615384615,2.05769230769,2.05769230769,2.05769230769,2.05769230769,2.05769230769,2.05769230769,2.05769230769,2.05769230769,2.05769230769,2.05769230769,2.05769230769,2.06567307692,2.10721153846,2.19865384615,2.21173076923,2.21817307692,2.21990384615,2.22307692308,2.22961538462,2.23625,2.23625,2.23711538462,2.29211538462,2.29384615385,2.29384615385,2.34182692308,2.35576923077,2.39423076923,2.39423076923,2.4225,2.43740384615,2.43817307692,2.46269230769,2.46538461538,2.46625,2.47365384615,2.48788461538,2.53355769231,2.71971153846,2.80971153846,2.82048076923,2.84134615385,2.87788461538,2.91701923077,2.96067307692,2.99971153846,3.03365384615,3.07105769231
0.00230769230769,0.634615384615,0.634615384615,0.634615384615,0.634615384615,2.05769230769,2.05769230769,2.05769230769,2.05769230769,2.05769230769,2.05769230769,2.05769230769,2.05769230769,2.05769230769,2.05769230769,2.05769230769,2.06567307692,2.10721153846,2.19865384615,2.21173076923,2.21817307692,2.21990384615,2.22307692308,2.22961538462,2.23625,2.23625,2.23711538462,2.29211538462,2.29384615385,2.29384615385,2.34182692308,2.35576923077,2.39423076923,2.39423076923,2.4225,2.43740384615,2.43817307692,2.46269230769,2.46538461538,2.46625,2.47365384615,2.48788461538,2.53355769231,2.71971153846,2.80971153846,2.82048076923,2.84134615385,2.87788461538,2.91701923077,2.96067307692,2.99971153846,3.03365384615,3.07105769231
0.00230769230769,0.634615384615,0.634615384615,0.634615384615,0.634615384615,2.05769230769,2.05769230769,2.05769230769,2.05769230769,2.05769230769,2.05769230769,2.05769230769,2.05769230769,2.05769230769,2.05769230769,2.05769230769,2.06567307692,2.10721153846,2.19865384615,2.21173076923,2.21817307692,2.21990384615,2.22307692308,2.22961538462,2.23625,2.23625,2.23711538462,2.29211538462,2.29384615385,2.29384615385,2.34182692308,2.35576923077,2.39423076923,2.39423076923,2.4225,2.43740384615,2.43817307692,2.46269230769,2.46538461538,2.46625,2.47365384615,2.48788461538,2.53355769231,2.71971153846,2.80971153846,2.82048076923,2.84134615385,2.87788461538,2.91701923077,2.96067307692,2.99971153846,3.03365384615,3.07105769231
0.00230769230769,0.634615384615,0.634615384615,0.634615384615,0.634615384615,2.05769230769,2.05769230769,2.05769230769,2.05769230769,2.05769230769,2.05769230769,2.05769230769,2.05769230769,2.05769230769,2.05769230769,2.05769230769,2.06567307692,2.10721153846,2.19865384615,2.21173076923,2.21817307692,2.21990384615,2.22307692308,2.22961538462,2.23625,2.23625,2.23711538462,2.29211538462,2.29384615385,2.29384615385,2.34182692308,2.35576923077,2.39423076923,2.39423076923,2.4225,2.43740384615,2.43817307692,2.46269230769,2.46538461538,2.46625,2.47365384615,2.48788461538,2.53355769231,2.71971153846,2.80971153846,2.82048076923,2.84134615385,2.87788461538,2.91701923077,2.96067307692,2.99971153846,3.03365384615,3.07105769231
0.00230769230769,0.634615384615,0.634615384615,0.634615384615,0.634615384615,2.05769230769,2.05769230769,2.05769230769,2.05769230769,2.05769230769,2.05769230769,2.05769230769,2.05769230769,2.05769230769,2.05769230769,2.05769230769,2.06567307692,2.10721153846,2.19865384615,2.21173076923,2.21817307692,2.21990384615,2.22307692308,2.22961538462,2.23625,2.23625,2.23711538462,2.29211538462,2.29384615385,2.29384615385,2.34182692308,2.35576923077,2.39423076923,2.39423076923,2.4225,2.43740384615,2.43817307692,2.46269230769,2.46538461538,2.46625,2.47365384615,2.48788461538,2.53355769231,2.71971153846,2.80971153846,2.82048076923,2.84134615385,2.87788461538,2.91701923077,2.96067307692,2.99971153846,3.03365384615,3.07105769231
0.00230769230769,0.634615384615,0.634615384615,0.634615384615,0.634615384615,2.05769230769,2.05769230769,2.05769230769,2.05769230769,2.05769230769,2.05769230769,2.05769230769,2.05769230769,2.05769230769,2.05769230769,2.05769230769,2.06567307692,2.10721153846,2.19865384615,2.21173076923,2.21817307692,2.21990384615,2.22307692308,2.22961538462,2.23625,2.23625,2.23711538462,2.29211538462,2.29384615385,2.29384615385,2.34182692308,2.35576923077,2.39423076923,2.39423076923,2.4225,2.43740384615,2.43817307692,2.46269230769,2.46538461538,2.46625,2.47365384615,2.48788461538,2.53355769231,2.71971153846,2.80971153846,2.82048076923,2.84134615385,2.87788461538,2.91701923077,2.96067307692,2.99971153846,3.03365384615,3.07105769231
0.00230769230769,0.634615384615,0.634615384615,0.634615384615,0.634615384615,2.05769230769,2.05769230769,2.05769230769,2.05769230769,2.05769230769,2.05769230769,2.05769230769,2.05769230769,2.05769230769,2.05769230769,2.05769230769,2.06567307692,2.10721153846,2.19865384615,2.21173076923,2.21817307692,2.21990384615,2.22307692308,2.22961538462,2.23625,2.23625,2.23711538462,2.29211538462,2.29384615385,2.29384615385,2.34182692308,2.35576923077,2.39423076923,2.39423076923,2.4225,2.43740384615,2.43817307692,2.46269230769,2.46538461538,2.46625,2.47365384615,2.48788461538,2.53355769231,2.71971153846,2.80971153846,2.82048076923,2.84134615385,2.87788461538,2.91701923077,2.96067307692,2.99971153846,3.03365384615,3.07105769231
0.00230769230769,0.634615384615,0.634615384615,0.634615384615,0.634615384615,2.05769230769,2.05769230769,2.05769230769,2.05769230769,2.05769230769,2.05769230769,2.05769230769,2.05769230769,2.05769230769,2.05769230769,2.05769230769,2.06567307692,2.10721153846,2.19865384615,2.21173076923,2.21817307692,2.21990384615,2.22307692308,2.22961538462,2.23625,2.23625,2.23711538462,2.29211538462,2.29384615385,2.29384615385,2.34182692308,2.35576923077,2.39423076923,2.39423076923,2.4225,2.43740384615,2.43817307692,2.46269230769,2.46538461538,2.46625,2.47365384615,2.48788461538,2.53355769231,2.71971153846,2.80971153846,2.82048076923,2.84134615385,2.87788461538,2.91701923077,2.96067307692,2.99971153846,3.03365384615,3.07105769231
0.00230769230769,0.634615384615,0.634615384615,0.634615384615,0.634615384615,2.05769230769,2.05769230769,2.05769230769,2.05769230769,2.05769230769,2.05769230769,2.05769230769,2.05769230769,2.05769230769,2.05769230769,2.05769230769,2.06567307692,2.10721153846,2.19865384615,2.21173076923,2.21817307692,2.21990384615,2.22307692308,2.22961538462,2.23625,2.23625,2.23711538462,2.29211538462,2.29384615385,2.29384615385,2.34182692308,2.35576923077,2.39423076923,2.39423076923,2.4225,2.43740384615,2.43817307692,2.46269230769,2.46538461538,2.46625,2.47365384615,2.48788461538,2.53355769231,2.71971153846,2.80971153846,2.82048076923,2.84134615385,2.87788461538,2.91701923077,2.96067307692,2.99971153846,3.03365384615,3.07105769231
0.00230769230769,0.634615384615,0.634615384615,0.634615384615,0.634615384615,2.05769230769,2.05769230769,2.05769230769,2.05769230769,2.05769230769,2.05769230769,2.05769230769,2.05769230769,2.05769230769,2.05769230769,2.05769230769,2.06567307692,2.10721153846,2.19865384615,2.21173076923,2.21817307692,2.21990384615,2.22307692308,2.22961538462,2.23625,2.23625,2.23711538462,2.29211538462,2.29384615385,2.29384615385,2.34182692308,2.35576923077,2.39423076923,2.39423076923,2.4225,2.43740384615,2.43817307692,2.46269230769,2.46538461538,2.46625,2.47365384615,2.48788461538,2.53355769231,2.71971153846,2.80971153846,2.82048076923,2.84134615385,2.87788461538,2.91701923077,2.96067307692,2.99971153846,3.03365384615,3.07105769231
0.00230769230769,0.634615384615,0.634615384615,0.634615384615,0.634615384615,2.05769230769,2.05769230769,2.05769230769,2.05769230769,2.05769230769,2.05769230769,2.05769230769,2.05769230769,2.05769230769,2.05769230769,2.05769230769,2.06567307692,2.10721153846,2.19865384615,2.21173076923,2.21817307692,2.21990384615,2.22307692308,2.22961538462,2.23625,2.23625,2.23711538462,2.29211538462,2.29384615385,2.29384615385,2.34182692308,2.35576923077,2.39423076923,2.39423076923,2.4225,2.43740384615,2.43817307692,2.46269230769,2.46538461538,2.46625,2.47365384615,2.48788461538,2.53355769231,2.71971153846,2.80971153846,2.82048076923,2.84134615385,2.87788461538,2.91701923077,2.96067307692,2.99971153846,3.03365384615,3.07105769231
0.00230769230769,0.634615384615,0.634615384615,0.634615384615,0.634615384615,2.05769230769,2.05769230769,2.05769230769,2.05769230769,2.05769230769,2.05769230769,2.05769230769,2.05769230769,2.05769230769,2.05769230769,2.05769230769,2.06567307692,2.10721153846,2.19865384615,2.21173076923,2.21817307692,2.21990384615,2.22307692308,2.22961538462,2.23625,2.23625,2.23711538462,2.29211538462,2.29384615385,2.29384615385,2.34182692308,2.35576923077,2.39423076923,2.39423076923,2.4225,2.43740384615,2.43817307692,2.46269230769,2.46538461538,2.46625,2.47365384615,2.48788461538,2.53355769231,2.71971153846,2.80971153846,2.82048076923,2.84134615385,2.87788461538,2.91701923077,2.96067307692,2.99971153846,3.03365384615,3.07105769231
0.00230769230769,0.634615384615,0.634615384615,0.634615384615,0.634615384615,2.05769230769,2.05769230769,2.05769230769,2.05769230769,2.05769230769,2.05769230769,2.05769230769,2.05769230769,2.05769230769,2.05769230769,2.05769230769,2.06567307692,2.10721153846,2.19865384615,2.21173076923,2.21817307692,2.21990384615,2.22307692308,2.22961538462,2.23625,2.23625,2.23711538462,2.29211538462,2.29384615385,2.29384615385,2.34182692308,2.35576923077,2.39423076923,2.39423076923,2.4225,2.43740384615,2.43817307692,2.46269230769,2.46538461538,2.46625,2.47365384615,2.48788461538,2.53355769231,2.71971153846,2.80971153846,2.82048076923,2.84134615385,2.87788461538,2.91701923077,2.96067307692,2.99971153846,3.03365384615,3.07105769231
0.00230769230769,0.634615384615,0.634615384615,0.634615384615,0.634615384615,2.05769230769,2.05769230769,2.05769230769,2.05769230769,2.05769230769,2.05769230769,2.05769230769,2.05769230769,2.05769230769,2.05769230769,2.05769230769,2.06567307692,2.10721153846,2.19865384615,2.21173076923,2.21817307692,2.21990384615,2.22307692308,2.22961538462,2.23625,2.23625,2.23711538462,2.29211538462,2.29384615385,2.29384615385,2.34182692308,2.35576923077,2.39423076923,2.39423076923,2.4225,2.43740384615,2.43817307692,2.46269230769,2.46538461538,2.46625,2.47365384615,2.48788461538,2.53355769231,2.71971153846,2.80971153846,2.82048076923,2.84134615385,2.87788461538,2.91701923077,2.96067307692,2.99971153846,3.03365384615,3.07105769231
0.00230769230769,0.634615384615,0.634615384615,0.634615384615,0.634615384615,2.05769230769,2.05769230769,2.05769230769,2.05769230769,2.05769230769,2.05769230769,2.05769230769,2.05769230769,2.05769230769,2.05769230769,2.05769230769,2.06567307692,2.10721153846,2.19865384615,2.21173076923,2.21817307692,2.21990384615,2.22307692308,2.22961538462,2.23625,2.23625,2.23711538462,2.29211538462,2.29384615385,2.29384615385,2.34182692308,2.35576923077,2.39423076923,2.39423076923,2.4225,2.43740384615,2.43817307692,2.46269230769,2.46538461538,2.46625,2.47365384615,2.48788461538,2.53355769231,2.71971153846,2.80971153846,2.82048076923,2.84134615385,2.87788461538,2.91701923077,2.96067307692,2.99971153846,3.03365384615,3.07105769231
0.00230769230769,0.634615384615,0.634615384615,0.634615384615,0.634615384615,2.05769230769,2.05769230769,2.05769230769,2.05769230769,2.05769230769,2.05769230769,2.05769230769,2.05769230769,2.05769230769,2.05769230769,2.05769230769,2.06567307692,2.10721153846,2.19865384615,2.21173076923,2.21817307692,2.21990384615,2.22307692308,2.22961538462,2.23625,2.23625,2.23711538462,2.29211538462,2.29384615385,2.29384615385,2.34182692308,2.35576923077,2.39423076923,2.39423076923,2.4225,2.43740384615,2.43817307692,2.46269230769,2.46538461538,2.46625,2.47365384615,2.48788461538,2.53355769231,2.71971153846,2.80971153846,2.82048076923,2.84134615385,2.87788461538,2.91701923077,2.96067307692,2.99971153846,3.03365384615,3.07105769231
0.00230769230769,0.634615384615,0.634615384615,0.634615384615,0.634615384615,2.05769230769,2.05769230769,2.05769230769,2.05769230769,2.05769230769,2.05769230769,2.05769230769,2.05769230769,2.05769230769,2.05769230769,2.05769230769,2.06567307692,2.10721153846,2.19865384615,2.21173076923,2.21817307692,2.21990384615,2.22307692308,2.22961538462,2.23625,2.23625,2.23711538462,2.29211538462,2.29384615385,2.29384615385,2.34182692308,2.35576923077,2.39423076923,2.39423076923,2.4225,2.43740384615,2.43817307692,2.46269230769,2.46538461538,2.46625,2.47365384615,2.48788461538,2.53355769231,2.71971153846,2.80971153846,2.82048076923,2.84134615385,2.87788461538,2.91701923077,2.96067307692,2.99971153846,3.03365384615,3.07105769231
0.00230769230769,0.634615384615,0.634615384615,0.634615384615,0.634615384615,2.05769230769,2.05769230769,2.05769230769,2.05769230769,2.05769230769,2.05769230769,2.05769230769,2.05769230769,2.05769230769,2.05769230769,2.05769230769,2.06567307692,2.10721153846,2.19865384615,2.21173076923,2.21817307692,2.21990384615,2.22307692308,2.22961538462,2.23625,2.23625,2.23711538462,2.29211538462,2.29384615385,2.29384615385,2.34182692308,2.35576923077,2.39423076923,2.39423076923,2.4225,2.43740384615,2.43817307692,2.46269230769,2.46538461538,2.46625,2.47365384615,2.48788461538,2.53355769231,2.71971153846,2.80971153846,2.82048076923,2.84134615385,2.87788461538,2.91701923077,2.96067307692,2.99971153846,3.03365384615,3.07105769231
0.00230769230769,0.634615384615,0.634615384615,0.634615384615,0.634615384615,2.05769230769,2.05769230769,2.05769230769,2.05769230769,2.05769230769,2.05769230769,2.05769230769,2.05769230769,2.05769230769,2.05769230769,2.05769230769,2.06567307692,2.10721153846,2.19865384615,2.21173076923,2.21817307692,2.21990384615,2.22307692308,2.22961538462,2.23625,2.23625,2.23711538462,2.29211538462,2.29384615385,2.29384615385,2.34182692308,2.35576923077,2.39423076923,2.39423076923,2.4225,2.43740384615,2.43817307692,2.46269230769,2.46538461538,2.46625,2.47365384615,2.48788461538,2.53355769231,2.71971153846,2.80971153846,2.82048076923,2.84134615385,2.87788461538,2.91701923077,2.96067307692,2.99971153846,3.03365384615,3.07105769231
0.00230769230769,0.634615384615,0.634615384615,0.634615384615,0.634615384615,2.05769230769,2.05769230769,2.05769230769,2.05769230769,2.05769230769,2.05769230769,2.05769230769,2.05769230769,2.05769230769,2.05769230769,2.05769230769,2.06567307692,2.10721153846,2.19865384615,2.21173076923,2.21817307692,2.21990384615,2.22307692308,2.22961538462,2.23625,2.23625,2.23711538462,2.29211538462,2.29384615385,2.29384615385,2.34182692308,2.35576923077,2.39423076923,2.39423076923,2.4225,2.43740384615,2.43817307692,2.46269230769,2.46538461538,2.46625,2.47365384615,2.48788461538,2.53355769231,2.71971153846,2.80971153846,2.82048076923,2.84134615385,2.87788461538,2.91701923077,2.96067307692,2.99971153846,3.03365384615,3.07105769231
0.00230769230769,0.634615384615,0.634615384615,0.634615384615,0.634615384615,2.05769230769,2.05769230769,2.05769230769,2.05769230769,2.05769230769,2.05769230769,2.05769230769,2.05769230769,2.05769230769,2.05769230769,2.05769230769,2.06567307692,2.10721153846,2.19865384615,2.21173076923,2.21817307692,2.21990384615,2.22307692308,2.22961538462,2.23625,2.23625,2.23711538462,2.29211538462,2.29384615385,2.29384615385,2.34182692308,2.35576923077,2.39423076923,2.39423076923,2.4225,2.43740384615,2.43817307692,2.46269230769,2.46538461538,2.46625,2.47365384615,2.48788461538,2.53355769231,2.71971153846,2.80971153846,2.82048076923,2.84134615385,2.87788461538,2.91701923077,2.96067307692,2.99971153846,3.03365384615,3.07105769231
0.00230769230769,0.634615384615,0.634615384615,0.634615384615,0.634615384615,2.05769230769,2.05769230769,2.05769230769,2.05769230769,2.05769230769,2.05769230769,2.05769230769,2.05769230769,2.05769230769,2.05769230769,2.05769230769,2.06567307692,2.10721153846,2.19865384615,2.21173076923,2.21817307692,2.21990384615,2.22307692308,2.22961538462,2.23625,2.23625,2.23711538462,2.29211538462,2.29384615385,2.29384615385,2.34182692308,2.35576923077,2.39423076923,2.39423076923,2.4225,2.43740384615,2.43817307692,2.46269230769,2.46538461538,2.46625,2.47365384615,2.48788461538,2.53355769231,2.71971153846,2.80971153846,2.82048076923,2.84134615385,2.87788461538,2.91701923077,2.96067307692,2.99971153846,3.03365384615,3.07105769231
0.00230769230769,0.634615384615,0.634615384615,0.634615384615,0.634615384615,2.05769230769,2.05769230769,2.05769230769,2.05769230769,2.05769230769,2.05769230769,2.05769230769,2.05769230769,2.05769230769,2.05769230769,2.05769230769,2.06567307692,2.10721153846,2.19865384615,2.21173076923,2.21817307692,2.21990384615,2.22307692308,2.22961538462,2.23625,2.23625,2.23711538462,2.29211538462,2.29384615385,2.29384615385,2.34182692308,2.35576923077,2.39423076923,2.39423076923,2.4225,2.43740384615,2.43817307692,2.46269230769,2.46538461538,2.46625,2.47365384615,2.48788461538,2.53355769231,2.71971153846,2.80971153846,2.82048076923,2.84134615385,2.87788461538,2.91701923077,2.96067307692,2.99971153846,3.03365384615,3.07105769231
0.00230769230769,0.634615384615,0.634615384615,0.634615384615,0.634615384615,2.05769230769,2.05769230769,2.05769230769,2.05769230769,2.05769230769,2.05769230769,2.05769230769,2.05769230769,2.05769230769,2.05769230769,2.05769230769,2.06567307692,2.10721153846,2.19865384615,2.21173076923,2.21817307692,2.21990384615,2.22307692308,2.22961538462,2.23625,2.23625,2.23711538462,2.29211538462,2.29384615385,2.29384615385,2.34182692308,2.35576923077,2.39423076923,2.39423076923,2.4225,2.43740384615,2.43817307692,2.46269230769,2.46538461538,2.46625,2.47365384615,2.48788461538,2.53355769231,2.71971153846,2.80971153846,2.82048076923,2.84134615385,2.87788461538,2.91701923077,2.96067307692,2.99971153846,3.03365384615,3.07105769231
0.00230769230769,0.634615384615,0.634615384615,0.634615384615,0.634615384615,2.05769230769,2.05769230769,2.05769230769,2.05769230769,2.05769230769,2.05769230769,2.05769230769,2.05769230769,2.05769230769,2.05769230769,2.05769230769,2.06567307692,2.10721153846,2.19865384615,2.21173076923,2.21817307692,2.21990384615,2.22307692308,2.22961538462,2.23625,2.23625,2.23711538462,2.29211538462,2.29384615385,2.29384615385,2.34182692308,2.35576923077,2.39423076923,2.39423076923,2.4225,2.43740384615,2.43817307692,2.46269230769,2.46538461538,2.46625,2.47365384615,2.48788461538,2.53355769231,2.71971153846,2.80971153846,2.82048076923,2.84134615385,2.87788461538,2.91701923077,2.96067307692,2.99971153846,3.03365384615,3.07105769231
0.00230769230769,0.634615384615,0.634615384615,0.634615384615,0.634615384615,2.05769230769,2.05769230769,2.05769230769,2.05769230769,2.05769230769,2.05769230769,2.05769230769,2.05769230769,2.05769230769,2.05769230769,2.05769230769,2.06567307692,2.10721153846,2.19865384615,2.21173076923,2.21817307692,2.21990384615,2.22307692308,2.22961538462,2.23625,2.23625,2.23711538462,2.29211538462,2.29384615385,2.29384615385,2.34182692308,2.35576923077,2.39423076923,2.39423076923,2.4225,2.43740384615,2.43817307692,2.46269230769,2.46538461538,2.46625,2.47365384615,2.48788461538,2.53355769231,2.71971153846,2.80971153846,2.82048076923,2.84134615385,2.87788461538,2.91701923077,2.96067307692,2.99971153846,3.03365384615,3.07105769231
0.00230769230769,0.634615384615,0.634615384615,0.634615384615,0.634615384615,2.05769230769,2.05769230769,2.05769230769,2.05769230769,2.05769230769,2.05769230769,2.05769230769,2.05769230769,2.05769230769,2.05769230769,2.05769230769,2.06567307692,2.10721153846,2.19865384615,2.21173076923,2.21817307692,2.21990384615,2.22307692308,2.22961538462,2.23625,2.23625,2.23711538462,2.29211538462,2.29384615385,2.29384615385,2.34182692308,2.35576923077,2.39423076923,2.39423076923,2.4225,2.43740384615,2.43817307692,2.46269230769,2.46538461538,2.46625,2.47365384615,2.48788461538,2.53355769231,2.71971153846,2.80971153846,2.82048076923,2.84134615385,2.87788461538,2.91701923077,2.96067307692,2.99971153846,3.03365384615,3.07105769231
